{
  "Ansi 7 Color (Light)" : {
    "Red Component" : 0.60664618015289307,
    "Color Space" : "sRGB",
    "Blue Component" : 0.93364596366882324,
    "Alpha Component" : 1,
    "Green Component" : 0.51802802085876465
  },
  "Ansi 15 Color (Light)" : {
    "Red Component" : 0.93329107761383057,
    "Color Space" : "sRGB",
    "Blue Component" : 1,
    "Alpha Component" : 1,
    "Green Component" : 0.91992408037185669
  },
  "Ansi 2 Color (Light)" : {
    "Red Component" : 0,
    "Color Space" : "sRGB",
    "Blue Component" : 0.85882353782653809,
    "Alpha Component" : 1,
    "Green Component" : 0.73725491762161255
  },
  "Bold Color" : {
    "Red Component" : 0.062745101749897003,
    "Color Space" : "sRGB",
    "Blue Component" : 0.062745101749897003,
    "Alpha Component" : 1,
    "Green Component" : 0.062745101749897003
  },
  "Ansi 1 Color (Dark)" : {
    "Red Component" : 0.88745564222335815,
    "Color Space" : "sRGB",
    "Blue Component" : 0.30662661790847778,
    "Alpha Component" : 1,
    "Green Component" : 0.31658834218978882
  },
  "Use Bright Bold" : true,
  "Ansi 9 Color (Light)" : {
    "Red Component" : 0.88745564222335815,
    "Color Space" : "sRGB",
    "Blue Component" : 0.30662661790847778,
    "Alpha Component" : 1,
    "Green Component" : 0.31658834218978882
  },
  "Ansi 8 Color (Dark)" : {
    "Red Component" : 0.27055808901786804,
    "Color Space" : "sRGB",
    "Blue Component" : 0.34796613454818726,
    "Alpha Component" : 1,
    "Green Component" : 0.25685542821884155
  },
  "Background Color" : {
    "Red Component" : 0.97999999999999998,
    "Color Space" : "sRGB",
    "Blue Component" : 0.97999999999999998,
    "Alpha Component" : 1,
    "Green Component" : 0.97999999999999998
  },
  "Columns" : 80,
  "Ansi 8 Color" : {
    "Red Component" : 0.40781760215759277,
    "Color Space" : "sRGB",
    "Blue Component" : 0.4078223705291748,
    "Alpha Component" : 1,
    "Green Component" : 0.40782788395881653
  },
  "Right Option Key Sends" : 0,
  "Ansi 4 Color (Light)" : {
    "Red Component" : 0.32390311360359192,
    "Color Space" : "sRGB",
    "Blue Component" : 0.69789993762969971,
    "Alpha Component" : 1,
    "Green Component" : 0.20338697731494904
  },
  "Blinking Cursor" : false,
  "Selected Text Color (Light)" : {
    "Red Component" : 0.76881951093673706,
    "Color Space" : "sRGB",
    "Blue Component" : 1,
    "Alpha Component" : 1,
    "Green Component" : 0.71034401655197144
  },
  "Selected Text Color (Dark)" : {
    "Red Component" : 0.76881951093673706,
    "Color Space" : "sRGB",
    "Blue Component" : 1,
    "Alpha Component" : 1,
    "Green Component" : 0.71034401655197144
  },
  "Ansi 3 Color (Dark)" : {
    "Red Component" : 0.88168102502822876,
    "Color Space" : "sRGB",
    "Blue Component" : 0.50585848093032837,
    "Alpha Component" : 1,
    "Green Component" : 0.76385921239852905
  },
  "Keyboard Map" : {

  },
  "Visual Bell" : true,
  "Only The Default BG Color Uses Transparency" : false,
  "Cursor Text Color" : {
    "Red Component" : 1,
    "Color Space" : "sRGB",
    "Blue Component" : 1,
    "Alpha Component" : 1,
    "Green Component" : 1
  },
  "Scrollback Lines" : 1000,
  "Selection Color (Light)" : {
    "Red Component" : 0.27055808901786804,
    "Color Space" : "sRGB",
    "Blue Component" : 0.34796613454818726,
    "Alpha Component" : 1,
    "Green Component" : 0.25685542821884155
  },
  "Ansi 0 Color" : {
    "Red Component" : 0.078431375324726105,
    "Color Space" : "sRGB",
    "Blue Component" : 0.11764705926179886,
    "Alpha Component" : 1,
    "Green Component" : 0.098039217293262482
  },
  "Match Background Color (Dark)" : {
    "Red Component" : 0.99697142839431763,
    "Color Space" : "P3",
    "Blue Component" : 0.32116127014160156,
    "Alpha Component" : 1,
    "Green Component" : 0.98600882291793823
  },
  "Ansi 11 Color (Light)" : {
    "Red Component" : 0.88168102502822876,
    "Color Space" : "sRGB",
    "Blue Component" : 0.50585848093032837,
    "Alpha Component" : 1,
    "Green Component" : 0.76385921239852905
  },
  "Ansi 5 Color (Dark)" : {
    "Red Component" : 0.90026551485061646,
    "Color Space" : "sRGB",
    "Blue Component" : 0.31784602999687195,
    "Alpha Component" : 1,
    "Green Component" : 0.62192791700363159
  },
  "Cursor Text Color (Light)" : {
    "Red Component" : 0.16481414437294006,
    "Color Space" : "sRGB",
    "Blue Component" : 0.20559439063072205,
    "Alpha Component" : 1,
    "Green Component" : 0.15178018808364868
  },
  "Silence Bell" : false,
  "Rows" : 25,
  "Guid" : "80E58886-4E05-43E8-AFD8-45707138853E",
  "Ansi 14 Color (Dark)" : {
    "Red Component" : 0.14186453819274902,
    "Color Space" : "sRGB",
    "Blue Component" : 0.97294497489929199,
    "Alpha Component" : 1,
    "Green Component" : 0.83598470687866211
  },
  "Ansi 15 Color (Dark)" : {
    "Red Component" : 0.93329107761383057,
    "Color Space" : "sRGB",
    "Blue Component" : 1,
    "Alpha Component" : 1,
    "Green Component" : 0.91992408037185669
  },
  "Ansi 0 Color (Dark)" : {
    "Red Component" : 0.16481414437294006,
    "Color Space" : "sRGB",
    "Blue Component" : 0.20559439063072205,
    "Alpha Component" : 1,
    "Green Component" : 0.15178018808364868
  },
  "Ambiguous Double Width" : false,
  "Option Key Sends" : 0,
  "Ansi 3 Color" : {
    "Red Component" : 0.78058648109436035,
    "Color Space" : "sRGB",
    "Blue Component" : 0,
    "Alpha Component" : 1,
    "Green Component" : 0.76959484815597534
  },
  "Window Type" : 0,
  "Smart Cursor Color (Dark)" : false,
  "BM Growl" : true,
  "Prompt Before Closing 2" : false,
  "Command" : "",
  "Selected Text Color" : {
    "Red Component" : 0,
    "Color Space" : "sRGB",
    "Blue Component" : 0,
    "Alpha Component" : 1,
    "Green Component" : 0
  },
  "Ansi 14 Color (Light)" : {
    "Red Component" : 0.14186453819274902,
    "Color Space" : "sRGB",
    "Blue Component" : 0.97294497489929199,
    "Alpha Component" : 1,
    "Green Component" : 0.83598470687866211
  },
  "Cursor Guide Color (Dark)" : {
    "Red Component" : 0.11764705926179886,
    "Color Space" : "sRGB",
    "Blue Component" : 0.18431372940540314,
    "Alpha Component" : 0.16518402099609375,
    "Green Component" : 0.12549020349979401
  },
  "Send Code When Idle" : false,
  "Ansi 6 Color" : {
    "Red Component" : 0,
    "Color Space" : "sRGB",
    "Blue Component" : 0.78166204690933228,
    "Alpha Component" : 1,
    "Green Component" : 0.77425903081893921
  },
  "Jobs to Ignore" : [
    "rlogin",
    "ssh",
    "slogin",
    "telnet"
  ],
  "Badge Color (Dark)" : {
    "Red Component" : 1,
    "Color Space" : "sRGB",
    "Blue Component" : 0,
    "Alpha Component" : 0.5,
    "Green Component" : 0.14910027384757996
  },
  "Cursor Color" : {
    "Red Component" : 0,
    "Color Space" : "sRGB",
    "Blue Component" : 0,
    "Alpha Component" : 1,
    "Green Component" : 0
  },
  "Vertical Spacing" : 1,
  "Disable Window Resizing" : true,
  "Close Sessions On End" : true,
  "Selection Color (Dark)" : {
    "Red Component" : 0.27055808901786804,
    "Color Space" : "sRGB",
    "Blue Component" : 0.34796613454818726,
    "Alpha Component" : 1,
    "Green Component" : 0.25685542821884155
  },
  "Default Bookmark" : "No",
  "Minimum Contrast (Dark)" : 0.35999999999999999,
  "Custom Command" : "No",
  "Foreground Color (Light)" : {
    "Red Component" : 0.73333334922790527,
    "Color Space" : "sRGB",
    "Blue Component" : 0.96470588445663452,
    "Alpha Component" : 1,
    "Green Component" : 0.7764706015586853
  },
  "Ansi 9 Color" : {
    "Red Component" : 0.8659515380859375,
    "Color Space" : "sRGB",
    "Blue Component" : 0.45833224058151245,
    "Alpha Component" : 1,
    "Green Component" : 0.47524076700210571
  },
  "Background Color (Dark)" : {
    "Red Component" : 0.10196078568696976,
    "Color Space" : "sRGB",
    "Blue Component" : 0.15294118225574493,
    "Alpha Component" : 1,